registration_id,title,portfolio,compilation_date,document_count,total_source_bytes,section_count,body_text_chars,parser_warnings,elapsed_ms
C2004A00467,A New Tax System (Australian Business Number) Act 1999,Treasury,2024-10-14,1,274807,57,41632,0,359
C2004A00637,A New Tax System (Family Assistance and Related Measures) Act 2000,Education,2000-07-01,1,1404574,64,197984,0,478
C2004A00491,A New Tax System (Family Assistance) (Administration) Act 1999,Education,2026-03-20,2,3012891,592,692472,0,548
C2004A00490,A New Tax System (Family Assistance) Act 1999,Education,2026-01-01,1,2180317,429,482171,0,406
C2005A00001,A New Tax System (Goods and Services Tax Imposition (Recipients)—Customs) Act 2005,Treasury,2005-02-18,1,10383,0,0,0,163
C2005A00002,A New Tax System (Goods and Services Tax Imposition (Recipients)—Excise) Act 2005,Treasury,2005-02-18,1,10470,0,0,0,478
C2005A00003,A New Tax System (Goods and Services Tax Imposition (Recipients)—General) Act 2005,Treasury,2005-02-18,1,10470,0,0,0,179
C2004A00460,A New Tax System (Goods and Services Tax Imposition—Customs) Act 1999,Treasury,2005-07-01,1,15800,0,0,0,142
C2004A00461,A New Tax System (Goods and Services Tax Imposition—Excise) Act 1999,Treasury,2005-07-01,1,16696,0,0,0,126
C2004A00462,A New Tax System (Goods and Services Tax Imposition—General) Act 1999,Treasury,2005-07-01,1,15790,0,0,0,160
C2004A00448,A New Tax System (Goods and Services Tax Transition) Act 1999,Treasury,2017-01-01,1,211567,51,40375,0,157
C2004A00446,A New Tax System (Goods and Services Tax) Act 1999,Treasury,2026-01-01,2,4453982,1067,842638,0,724
C2004A00464,A New Tax System (Luxury Car Tax Imposition—Customs) Act 1999,Treasury,2008-10-03,1,21755,0,0,0,133
C2004A00465,A New Tax System (Luxury Car Tax Imposition—Excise) Act 1999,Treasury,2008-10-03,1,21000,0,0,0,165
C2004A00466,A New Tax System (Luxury Car Tax Imposition—General) Act 1999,Treasury,2008-10-03,1,21118,0,0,0,177
C2004A00463,A New Tax System (Luxury Car Tax) Act 1999,Treasury,2025-04-01,1,363343,102,58731,0,180
C2004A00502,A New Tax System (Managing the GST Rate and Base) Act 1999,Treasury,2009-07-01,1,77058,8,17234,0,161
C2004A00412,A New Tax System (Medicare Levy Surcharge—Fringe Benefits) Act 1999,Treasury,2025-03-28,1,152983,23,15882,0,149
C2004A00454,A New Tax System (Wine Equalisation Tax Imposition—Customs) Act 1999,Treasury,1999-07-08,1,12550,0,0,0,162
C2004A00455,A New Tax System (Wine Equalisation Tax Imposition—Excise) Act 1999,Treasury,1999-07-08,1,12283,0,0,0,157
C2004A00456,A New Tax System (Wine Equalisation Tax Imposition—General) Act 1999,Treasury,1999-07-08,1,12843,0,0,0,152
C2004A00452,A New Tax System (Wine Equalisation Tax) Act 1999,Treasury,2026-04-01,1,523468,141,94620,0,215
C2004A03702,A.C.T. Self-Government (Consequential Provisions) Act 1988,"Infrastructure, Transport, Regional Development, Communications, Sport and the Arts",1999-12-05,1,322825,61,84871,0,206
C2014A00132,ACT Government Loan Act 2014,Finance,2014-12-12,1,9513,0,0,0,164
C2004A05165,AIDC Sale Act 1997,,1997-06-05,1,300796,0,0,0,205
C2017A00044,ASIC Supervisory Cost Recovery Levy (Collection) Act 2017,Treasury,2024-10-14,1,98202,0,0,0,180
C2017A00043,ASIC Supervisory Cost Recovery Levy Act 2017,Treasury,2023-10-20,1,91682,0,0,0,210
C2004A03443,Aboriginal Land (Lake Condah and Framlingham Forest) Act 1987,Prime Minister and Cabinet,2016-10-21,1,201557,54,45318,0,139
C2004A01620,Aboriginal Land Rights (Northern Territory) Act 1976,Attorney-General's,2024-11-30,1,2734247,344,617376,0,403
C2004A03405,Aboriginal Land and Waters (Jervis Bay Territory) Act 1986,Prime Minister and Cabinet,2023-08-22,1,288247,84,70889,0,154
C2004A03898,Aboriginal and Torres Strait Islander Act 2005,Prime Minister and Cabinet,2025-02-15,1,1228729,307,249311,0,247
C2004A02943,Aboriginal and Torres Strait Islander Heritage Protection Act 1984,Attorney-General's,2016-10-21,1,181974,39,28742,0,148
C2018A00145,Aboriginal and Torres Strait Islander Land and Sea Future Fund Act 2018,Finance,2023-11-01,1,212374,68,55752,0,150
C1901A00002,Acts Interpretation Act 1901,Attorney-General's,2026-03-28,1,548300,94,95234,0,526
C2004A00621,Adelaide Airport Curfew Act 2000,"Infrastructure, Transport, Regional Development, Communications, Sport and the Arts",2024-10-14,1,120661,35,23240,0,153
C2004A01697,Administrative Decisions (Judicial Review) Act 1977,Attorney-General's,2026-01-22,1,527449,5,24015,0,176
C2024A00038,Administrative Review Tribunal (Consequential and Transitional Provisions No. 1) Act 2024,Attorney-General's,2024-05-31,1,1547026,81,263601,0,428
C2024A00039,Administrative Review Tribunal (Consequential and Transitional Provisions No. 2) Act 2024,Attorney-General's,2024-05-31,1,498671,0,0,0,244
C2024A00040,Administrative Review Tribunal Act 2024,Attorney-General's,2026-01-22,1,1157623,421,329209,0,285
C2004A03627,Admiralty Act 1988,Attorney-General's,2022-02-18,1,195922,54,43477,0,165
C2004A02884,Advance Australia Logo Protection Act 1984,"Industry, Science and Resources",2015-12-10,1,81368,2,109,0,190
C2004A04817,AeroSpace Technologies of Australia Limited Sale Act 1994,Finance,2018-03-30,1,85977,28,13680,0,317
C2004A01302,Age Discrimination Act 2004,Attorney-General's,2024-12-11,1,432431,89,87049,0,178
C2006A00026,Aged Care (Accommodation Payment Security) Act 2006,"Health, Disability and Ageing",2025-11-01,1,157107,32,30333,0,135
C2006A00027,Aged Care (Accommodation Payment Security) Levy Act 2006,"Health, Disability and Ageing",2025-11-01,1,49935,0,0,0,124
C2024A00109,Aged Care (Consequential and Transitional Provisions) Act 2024,"Health, Disability and Ageing",2025-11-01,1,391175,0,0,0,170
C2013A00076,Aged Care (Living Longer Living Better) Act 2013,"Health, Disability and Ageing",2016-03-05,1,779807,113,185414,0,261
C2024A00104,Aged Care Act 2024,"Health, Disability and Ageing",2025-11-01,1,2692767,853,831824,0,723
C2018A00150,Aged Care Quality and Safety Commission (Consequential Amendments and Transitional Provisions) Act 2018,"Health, Disability and Ageing",2018-12-10,1,50878,0,0,0,165
C2004A04717,Agricultural and Veterinary Chemical Products (Collection of Levy) Act 1994,"Agriculture, Fisheries and Forestry",2024-10-14,1,218350,42,42882,0,144
C2004A04715,Agricultural and Veterinary Chemical Products Levy Imposition (Customs) Act 1994,"Agriculture, Fisheries and Forestry",1994-03-15,1,8533,0,0,0,207
C2004A04714,Agricultural and Veterinary Chemical Products Levy Imposition (Excise) Act 1994,"Agriculture, Fisheries and Forestry",1994-03-15,1,8418,0,0,0,185
C2004A04716,Agricultural and Veterinary Chemical Products Levy Imposition (General) Act 1994,"Agriculture, Fisheries and Forestry",1994-03-15,1,8596,0,0,0,151
C2004A04553,Agricultural and Veterinary Chemicals (Administration) Act 1992,"Agriculture, Fisheries and Forestry",2024-10-14,1,754708,218,160298,0,226
C2004A04712,Agricultural and Veterinary Chemicals Act 1994,"Agriculture, Fisheries and Forestry",2024-10-14,1,106367,36,16355,0,146
C2004A04723,Agricultural and Veterinary Chemicals Code Act 1994,"Agriculture, Fisheries and Forestry",2024-10-14,1,1783491,401,445865,0,385
C1963A00074,Air Accidents (Commonwealth Government Liability) Act 1963,"Infrastructure, Transport, Regional Development, Communications, Sport and the Arts",2021-06-17,1,98273,21,16744,0,142
C1920A00050,Air Navigation Act 1920,"Infrastructure, Transport, Regional Development, Communications, Sport and the Arts",2024-10-14,1,596776,54,59153,0,191
C2004A02654,Air Navigation Legislation (Validation and Interpretation) Act 1982,"Infrastructure, Transport, Regional Development, Communications, Sport and the Arts",1982-10-06,1,9841,0,0,0,166
C2004A04931,Air Services Act 1995,"Infrastructure, Transport, Regional Development, Communications, Sport and the Arts",2024-10-14,1,298903,100,61750,0,184
C2004A04947,Aircraft Noise Levy Act 1995,"Infrastructure, Transport, Regional Development, Communications, Sport and the Arts",2012-12-03,1,24061,0,0,0,125
C2004A04948,Aircraft Noise Levy Collection Act 1995,"Infrastructure, Transport, Regional Development, Communications, Sport and the Arts",2024-10-14,1,116595,27,19566,0,135
C2010A00080,Airports (On-Airport Activities Administration) Validation Act 2010,"Infrastructure, Transport, Regional Development, Communications, Sport and the Arts",2010-06-29,1,15320,0,0,0,162
C2004A05062,Airports (Transitional) Act 1996,Finance,2018-02-21,1,386059,151,85268,0,189
C2004A05061,Airports Act 1996,"Infrastructure, Transport, Regional Development, Communications, Sport and the Arts",2025-11-01,1,1379157,390,330689,0,358
C2007A00039,Airspace (Consequentials and Other Measures) Act 2007,"Infrastructure, Transport, Regional Development, Communications, Sport and the Arts",2007-03-30,1,25102,0,0,0,157
C2007A00038,Airspace Act 2007,"Infrastructure, Transport, Regional Development, Communications, Sport and the Arts",2016-03-05,1,66414,20,10370,0,151
C2014A00117,Albury-Wodonga Development Corporation (Abolition) Act 2014,Finance,2016-03-05,1,70744,0,0,0,193
C2004A02408,Antarctic Marine Living Resources Conservation Act 1981,"Climate Change, Energy, the Environment and Water",2024-10-14,1,194808,1,35437,0,150
C2004A02304,Antarctic Treaty (Environment Protection) Act 1980,"Climate Change, Energy, the Environment and Water",2024-10-14,1,634520,86,191878,0,208
C1960A00048,Antarctic Treaty Act 1960,"Climate Change, Energy, the Environment and Water",2008-07-04,1,45527,1,599,1,170
C2006A00170,Anti-Money Laundering and Counter-Terrorism Financing (Transitional Provisions and Consequential Amendments) Act 2006,Home Affairs,2007-04-13,1,200504,0,0,0,149
C2006A00169,Anti-Money Laundering and Counter-Terrorism Financing Act 2006,Home Affairs,2026-03-31,1,1935091,434,479553,0,483
C2024A00110,Anti-Money Laundering and Counter-Terrorism Financing Amendment Act 2024,Home Affairs,2024-12-10,1,688929,108,202126,0,394
C2004A00389,Anti-Personnel Mines Convention Act 1998,Foreign Affairs and Trade,2016-03-10,1,201080,40,27373,0,163
C2004A04877,Anzac Day Act 1995,Veterans' Affairs,1995-03-29,1,6872,0,0,0,158
C2026A00023,Appropriation (Fuel Security Response) Act (No. 1) 2025-2026,Finance,2026-04-01,1,322968,18,7713,0,190
C2026A00024,Appropriation (Fuel Security Response) Act (No. 2) 2025-2026,Finance,2026-04-01,1,288493,22,11859,0,338
C2023A00030,Appropriation (Parliamentary Departments) Act (No. 1) 2023-2024,Finance,2023-06-28,1,134017,19,8719,0,205
C2024A00049,Appropriation (Parliamentary Departments) Act (No. 1) 2024-2025,Finance,2024-06-26,1,134053,19,8721,0,168
C2025A00049,Appropriation (Parliamentary Departments) Act (No. 1) 2025-2026,Finance,2025-10-29,1,135465,19,9207,0,187
C2024A00014,Appropriation (Parliamentary Departments) Act (No. 2) 2023-2024,Finance,2024-04-08,1,103253,19,8651,0,207
C2025A00003,Appropriation (Parliamentary Departments) Act (No. 2) 2024-2025,Finance,2025-02-14,1,82654,19,8652,0,210
C2026A00016,Appropriation (Parliamentary Departments) Act (No. 2) 2025‑2026,Finance,2026-03-27,1,104410,19,8869,0,180
C2023A00031,Appropriation Act (No. 1) 2023-2024,Finance,2023-06-28,1,2632349,18,7179,0,879
C2024A00047,Appropriation Act (No. 1) 2024-2025,Finance,2024-06-26,1,2694849,18,7181,0,636
C2025A00047,Appropriation Act (No. 1) 2025-2026,Finance,2025-10-29,1,2737829,18,7286,0,539
C2023A00032,Appropriation Act (No. 2) 2023-2024,Finance,2023-06-28,1,1330388,25,13320,0,346
C2024A00048,Appropriation Act (No. 2) 2024-2025,Finance,2024-06-26,1,1322493,25,13322,0,400
C2025A00048,Appropriation Act (No. 2) 2025-2026,Finance,2025-10-29,1,1267731,22,12087,0,343
C2024A00012,Appropriation Act (No. 3) 2023-2024,Finance,2024-04-08,1,1796721,18,7343,0,423
C2025A00004,Appropriation Act (No. 3) 2024-2025,Finance,2025-02-14,1,1647739,18,7346,0,823
C2026A00017,Appropriation Act (No. 3) 2025-2026,Finance,2026-03-27,1,1914223,18,7534,0,411
C2024A00013,Appropriation Act (No. 4) 2023-2024,Finance,2024-04-08,1,874888,22,11263,0,261
C2025A00005,Appropriation Act (No. 4) 2024-2025,Finance,2025-02-14,1,832447,22,11240,0,274
C2026A00018,Appropriation Act (No. 4) 2025-2026,Finance,2026-03-27,1,873017,22,11827,0,263
C2024A00045,Appropriation Act (No. 5) 2023-2024,Finance,2024-06-26,1,1059739,16,6649,0,583
C2024A00046,Appropriation Act (No. 6) 2023-2024,Finance,2024-06-26,1,569089,18,8316,0,249
C2004A02796,Archives Act 1983,"Infrastructure, Transport, Regional Development, Communications, Sport and the Arts",2024-12-11,1,471131,88,115003,0,198
C2013A00058,Asbestos and Silica Safety and Eradication Agency Act 2013,Employment and Workplace Relations,2024-05-31,1,207964,75,39643,0,247
C2005A00122,Asbestos-related Claims (Management of Commonwealth Liabilities) Act 2005,Employment and Workplace Relations,2014-07-01,1,79631,19,16471,0,151
C1933A00060,Ashmore and Cartier Islands Acceptance Act 1933,"Infrastructure, Transport, Regional Development, Communications, Sport and the Arts",2008-07-04,1,75247,0,0,0,661
C1966A00025,Asian Development Bank Act 1966,Treasury,2026-04-09,1,47342,0,0,0,176
C2015A00134,Asian Infrastructure Investment Bank Act 2015,Treasury,2026-04-09,1,59708,0,0,0,470
C2020A00024,Assistance for Severely Affected Regions (Special Appropriation) (Coronavirus Economic Response Package) Act 2020,"Infrastructure, Transport, Regional Development, Communications, Sport and the Arts",2020-03-24,1,29334,0,0,0,189
C2010A00011,Astronomical Functions Act 2010,"Industry, Science and Resources",2018-07-01,1,53682,16,3536,0,194
C1953A00031,Atomic Energy Act 1953,"Industry, Science and Resources",2022-11-30,1,277789,54,53670,0,200
C2004A05248,Auditor-General Act 1997,Prime Minister and Cabinet,2023-10-17,1,292058,94,59866,0,197
C2007A00053,AusCheck Act 2007,Home Affairs,2026-01-22,1,192767,31,44809,0,168
C2004A03182,Australia (Request and Consent) Act 1985,Attorney-General's,1985-12-04,1,48833,19,13084,1,376
C2004A03181,Australia Act 1986,Attorney-General's,1985-12-04,1,46349,0,0,0,369
