registration_id,year,act_no,source_url
act-1897-031,1897,031,https://legislation.nsw.gov.au/view/html/inforce/current/act-1897-031
act-1898-013,1898,013,https://legislation.nsw.gov.au/view/html/inforce/current/act-1898-013
act-1898-017,1898,017,https://legislation.nsw.gov.au/view/html/inforce/current/act-1898-017
act-1898-031,1898,031,https://legislation.nsw.gov.au/view/html/inforce/current/act-1898-031
act-1899-039,1899,039,https://legislation.nsw.gov.au/view/html/inforce/current/act-1899-039
act-1900-020,1900,020,https://legislation.nsw.gov.au/view/html/inforce/current/act-1900-020
act-1900-025,1900,025,https://legislation.nsw.gov.au/view/html/inforce/current/act-1900-025
act-1900-034,1900,034,https://legislation.nsw.gov.au/view/html/inforce/current/act-1900-034
act-1900-040,1900,040,https://legislation.nsw.gov.au/view/html/inforce/current/act-1900-040
act-1901-033,1901,033,https://legislation.nsw.gov.au/view/html/inforce/current/act-1901-033
act-1901-043,1901,043,https://legislation.nsw.gov.au/view/html/inforce/current/act-1901-043
act-1902-032,1902,032,https://legislation.nsw.gov.au/view/html/inforce/current/act-1902-032
act-1902-048,1902,048,https://legislation.nsw.gov.au/view/html/inforce/current/act-1902-048
act-1902-049,1902,049,https://legislation.nsw.gov.au/view/html/inforce/current/act-1902-049
act-1902-069,1902,069,https://legislation.nsw.gov.au/view/html/inforce/current/act-1902-069
act-1902-071,1902,071,https://legislation.nsw.gov.au/view/html/inforce/current/act-1902-071
act-1902-079,1902,079,https://legislation.nsw.gov.au/view/html/inforce/current/act-1902-079
act-1902-081,1902,081,https://legislation.nsw.gov.au/view/html/inforce/current/act-1902-081
act-1903-009,1903,009,https://legislation.nsw.gov.au/view/html/inforce/current/act-1903-009
act-1906-028,1906,028,https://legislation.nsw.gov.au/view/html/inforce/current/act-1906-028
act-1909-014,1909,014,https://legislation.nsw.gov.au/view/html/inforce/current/act-1909-014
act-1912-005,1912,005,https://legislation.nsw.gov.au/view/html/inforce/current/act-1912-005
act-1912-016,1912,016,https://legislation.nsw.gov.au/view/html/inforce/current/act-1912-016
act-1912-044,1912,044,https://legislation.nsw.gov.au/view/html/inforce/current/act-1912-044
act-1912-045,1912,045,https://legislation.nsw.gov.au/view/html/inforce/current/act-1912-045
act-1912-051,1912,051,https://legislation.nsw.gov.au/view/html/inforce/current/act-1912-051
act-1915-009,1915,009,https://legislation.nsw.gov.au/view/html/inforce/current/act-1915-009
act-1916-002,1916,002,https://legislation.nsw.gov.au/view/html/inforce/current/act-1916-002
act-1916-028,1916,028,https://legislation.nsw.gov.au/view/html/inforce/current/act-1916-028
act-1916-041,1916,041,https://legislation.nsw.gov.au/view/html/inforce/current/act-1916-041
act-1916-080,1916,080,https://legislation.nsw.gov.au/view/html/inforce/current/act-1916-080
act-1917-025,1917,025,https://legislation.nsw.gov.au/view/html/inforce/current/act-1917-025
act-1919-006,1919,006,https://legislation.nsw.gov.au/view/html/inforce/current/act-1919-006
act-1919-052,1919,052,https://legislation.nsw.gov.au/view/html/inforce/current/act-1919-052
act-1921-017,1921,017,https://legislation.nsw.gov.au/view/html/inforce/current/act-1921-017
act-1922-006,1922,006,https://legislation.nsw.gov.au/view/html/inforce/current/act-1922-006
act-1922-016,1922,016,https://legislation.nsw.gov.au/view/html/inforce/current/act-1922-016
act-1922-023,1922,023,https://legislation.nsw.gov.au/view/html/inforce/current/act-1922-023
act-1923-001,1923,001,https://legislation.nsw.gov.au/view/html/inforce/current/act-1923-001
act-1923-002,1923,002,https://legislation.nsw.gov.au/view/html/inforce/current/act-1923-002
act-1923-027,1923,027,https://legislation.nsw.gov.au/view/html/inforce/current/act-1923-027
act-1923-029,1923,029,https://legislation.nsw.gov.au/view/html/inforce/current/act-1923-029
act-1924-049,1924,049,https://legislation.nsw.gov.au/view/html/inforce/current/act-1924-049
act-1925-014,1925,014,https://legislation.nsw.gov.au/view/html/inforce/current/act-1925-014
act-1927-035,1927,035,https://legislation.nsw.gov.au/view/html/inforce/current/act-1927-035
act-1928-014,1928,014,https://legislation.nsw.gov.au/view/html/inforce/current/act-1928-014
act-1928-026,1928,026,https://legislation.nsw.gov.au/view/html/inforce/current/act-1928-026
act-1928-028,1928,028,https://legislation.nsw.gov.au/view/html/inforce/current/act-1928-028
act-1929-045,1929,045,https://legislation.nsw.gov.au/view/html/inforce/current/act-1929-045
act-1929-054,1929,054,https://legislation.nsw.gov.au/view/html/inforce/current/act-1929-054
act-1930-002,1930,002,https://legislation.nsw.gov.au/view/html/inforce/current/act-1930-002
act-1930-038,1930,038,https://legislation.nsw.gov.au/view/html/inforce/current/act-1930-038
act-1931-063,1931,063,https://legislation.nsw.gov.au/view/html/inforce/current/act-1931-063
act-1932-057,1932,057,https://legislation.nsw.gov.au/view/html/inforce/current/act-1932-057
act-1934-057,1934,057,https://legislation.nsw.gov.au/view/html/inforce/current/act-1934-057
act-1935-019,1935,019,https://legislation.nsw.gov.au/view/html/inforce/current/act-1935-019
act-1935-058,1935,058,https://legislation.nsw.gov.au/view/html/inforce/current/act-1935-058
act-1936-024,1936,024,https://legislation.nsw.gov.au/view/html/inforce/current/act-1936-024
act-1937-037,1937,037,https://legislation.nsw.gov.au/view/html/inforce/current/act-1937-037
act-1938-009,1938,009,https://legislation.nsw.gov.au/view/html/inforce/current/act-1938-009
act-1938-010,1938,010,https://legislation.nsw.gov.au/view/html/inforce/current/act-1938-010
act-1938-015,1938,015,https://legislation.nsw.gov.au/view/html/inforce/current/act-1938-015
act-1939-038,1939,038,https://legislation.nsw.gov.au/view/html/inforce/current/act-1939-038
act-1939-040,1939,040,https://legislation.nsw.gov.au/view/html/inforce/current/act-1939-040
act-1941-011,1941,011,https://legislation.nsw.gov.au/view/html/inforce/current/act-1941-011
act-1941-045,1941,045,https://legislation.nsw.gov.au/view/html/inforce/current/act-1941-045
act-1942-014,1942,014,https://legislation.nsw.gov.au/view/html/inforce/current/act-1942-014
act-1942-015,1942,015,https://legislation.nsw.gov.au/view/html/inforce/current/act-1942-015
act-1942-023,1942,023,https://legislation.nsw.gov.au/view/html/inforce/current/act-1942-023
act-1942-025,1942,025,https://legislation.nsw.gov.au/view/html/inforce/current/act-1942-025
act-1943-006,1943,006,https://legislation.nsw.gov.au/view/html/inforce/current/act-1943-006
act-1943-032,1943,032,https://legislation.nsw.gov.au/view/html/inforce/current/act-1943-032
act-1944-028,1944,028,https://legislation.nsw.gov.au/view/html/inforce/current/act-1944-028
act-1944-029,1944,029,https://legislation.nsw.gov.au/view/html/inforce/current/act-1944-029
act-1944-031,1944,031,https://legislation.nsw.gov.au/view/html/inforce/current/act-1944-031
act-1945-031,1945,031,https://legislation.nsw.gov.au/view/html/inforce/current/act-1945-031
act-1946-022,1946,022,https://legislation.nsw.gov.au/view/html/inforce/current/act-1946-022
act-1946-033,1946,033,https://legislation.nsw.gov.au/view/html/inforce/current/act-1946-033
act-1946-044,1946,044,https://legislation.nsw.gov.au/view/html/inforce/current/act-1946-044
act-1947-002,1947,002,https://legislation.nsw.gov.au/view/html/inforce/current/act-1947-002
act-1947-010,1947,010,https://legislation.nsw.gov.au/view/html/inforce/current/act-1947-010
act-1951-003,1951,003,https://legislation.nsw.gov.au/view/html/inforce/current/act-1951-003
act-1952-030,1952,030,https://legislation.nsw.gov.au/view/html/inforce/current/act-1952-030
act-1953-029,1953,029,https://legislation.nsw.gov.au/view/html/inforce/current/act-1953-029
act-1953-039,1953,039,https://legislation.nsw.gov.au/view/html/inforce/current/act-1953-039
act-1953-041,1953,041,https://legislation.nsw.gov.au/view/html/inforce/current/act-1953-041
act-1954-034,1954,034,https://legislation.nsw.gov.au/view/html/inforce/current/act-1954-034
act-1955-038,1955,038,https://legislation.nsw.gov.au/view/html/inforce/current/act-1955-038
act-1956-026,1956,026,https://legislation.nsw.gov.au/view/html/inforce/current/act-1956-026
act-1956-027,1956,027,https://legislation.nsw.gov.au/view/html/inforce/current/act-1956-027
act-1957-001,1957,001,https://legislation.nsw.gov.au/view/html/inforce/current/act-1957-001
act-1957-019,1957,019,https://legislation.nsw.gov.au/view/html/inforce/current/act-1957-019
act-1957-058,1957,058,https://legislation.nsw.gov.au/view/html/inforce/current/act-1957-058
act-1959-013,1959,013,https://legislation.nsw.gov.au/view/html/inforce/current/act-1959-013
act-1961-009,1961,009,https://legislation.nsw.gov.au/view/html/inforce/current/act-1961-009
act-1962-021,1962,021,https://legislation.nsw.gov.au/view/html/inforce/current/act-1962-021
act-1962-028,1962,028,https://legislation.nsw.gov.au/view/html/inforce/current/act-1962-028
act-1963-021,1963,021,https://legislation.nsw.gov.au/view/html/inforce/current/act-1963-021
act-1963-048,1963,048,https://legislation.nsw.gov.au/view/html/inforce/current/act-1963-048
act-1964-006,1964,006,https://legislation.nsw.gov.au/view/html/inforce/current/act-1964-006
act-1964-012,1964,012,https://legislation.nsw.gov.au/view/html/inforce/current/act-1964-012
act-1964-036,1964,036,https://legislation.nsw.gov.au/view/html/inforce/current/act-1964-036
act-1964-049,1964,049,https://legislation.nsw.gov.au/view/html/inforce/current/act-1964-049
act-1965-032,1965,032,https://legislation.nsw.gov.au/view/html/inforce/current/act-1965-032
act-1965-033,1965,033,https://legislation.nsw.gov.au/view/html/inforce/current/act-1965-033
act-1966-013,1966,013,https://legislation.nsw.gov.au/view/html/inforce/current/act-1966-013
act-1966-031,1966,031,https://legislation.nsw.gov.au/view/html/inforce/current/act-1966-031
act-1966-039,1966,039,https://legislation.nsw.gov.au/view/html/inforce/current/act-1966-039
act-1967-013,1967,013,https://legislation.nsw.gov.au/view/html/inforce/current/act-1967-013
act-1967-033,1967,033,https://legislation.nsw.gov.au/view/html/inforce/current/act-1967-033
act-1967-039,1967,039,https://legislation.nsw.gov.au/view/html/inforce/current/act-1967-039
act-1967-064,1967,064,https://legislation.nsw.gov.au/view/html/inforce/current/act-1967-064
act-1967-090,1967,090,https://legislation.nsw.gov.au/view/html/inforce/current/act-1967-090
act-1967-095,1967,095,https://legislation.nsw.gov.au/view/html/inforce/current/act-1967-095
act-1967-096,1967,096,https://legislation.nsw.gov.au/view/html/inforce/current/act-1967-096
act-1968-059,1968,059,https://legislation.nsw.gov.au/view/html/inforce/current/act-1968-059
act-1969-030,1969,030,https://legislation.nsw.gov.au/view/html/inforce/current/act-1969-030
act-1969-031,1969,031,https://legislation.nsw.gov.au/view/html/inforce/current/act-1969-031
act-1969-033,1969,033,https://legislation.nsw.gov.au/view/html/inforce/current/act-1969-033
act-1969-059,1969,059,https://legislation.nsw.gov.au/view/html/inforce/current/act-1969-059
act-1969-061,1969,061,https://legislation.nsw.gov.au/view/html/inforce/current/act-1969-061
act-1969-080,1969,080,https://legislation.nsw.gov.au/view/html/inforce/current/act-1969-080
act-1970-022,1970,022,https://legislation.nsw.gov.au/view/html/inforce/current/act-1970-022
act-1970-024,1970,024,https://legislation.nsw.gov.au/view/html/inforce/current/act-1970-024
act-1970-052,1970,052,https://legislation.nsw.gov.au/view/html/inforce/current/act-1970-052
act-1970-054,1970,054,https://legislation.nsw.gov.au/view/html/inforce/current/act-1970-054
act-1970-060,1970,060,https://legislation.nsw.gov.au/view/html/inforce/current/act-1970-060
act-1970-072,1970,072,https://legislation.nsw.gov.au/view/html/inforce/current/act-1970-072
act-1970-080,1970,080,https://legislation.nsw.gov.au/view/html/inforce/current/act-1970-080
act-1971-042,1971,042,https://legislation.nsw.gov.au/view/html/inforce/current/act-1971-042
act-1971-053,1971,053,https://legislation.nsw.gov.au/view/html/inforce/current/act-1971-053
act-1972-028,1972,028,https://legislation.nsw.gov.au/view/html/inforce/current/act-1972-028
act-1972-070,1972,070,https://legislation.nsw.gov.au/view/html/inforce/current/act-1972-070
act-1973-009,1973,009,https://legislation.nsw.gov.au/view/html/inforce/current/act-1973-009
act-1973-034,1973,034,https://legislation.nsw.gov.au/view/html/inforce/current/act-1973-034
act-1973-046,1973,046,https://legislation.nsw.gov.au/view/html/inforce/current/act-1973-046
act-1974-049,1974,049,https://legislation.nsw.gov.au/view/html/inforce/current/act-1974-049
act-1974-068,1974,068,https://legislation.nsw.gov.au/view/html/inforce/current/act-1974-068
act-1974-080,1974,080,https://legislation.nsw.gov.au/view/html/inforce/current/act-1974-080
act-1975-004,1975,004,https://legislation.nsw.gov.au/view/html/inforce/current/act-1975-004
act-1975-027,1975,027,https://legislation.nsw.gov.au/view/html/inforce/current/act-1975-027
act-1975-049,1975,049,https://legislation.nsw.gov.au/view/html/inforce/current/act-1975-049
act-1975-095,1975,095,https://legislation.nsw.gov.au/view/html/inforce/current/act-1975-095
act-1976-004,1976,004,https://legislation.nsw.gov.au/view/html/inforce/current/act-1976-004
act-1976-031,1976,031,https://legislation.nsw.gov.au/view/html/inforce/current/act-1976-031
act-1976-035,1976,035,https://legislation.nsw.gov.au/view/html/inforce/current/act-1976-035
act-1976-050,1976,050,https://legislation.nsw.gov.au/view/html/inforce/current/act-1976-050
act-1976-067,1976,067,https://legislation.nsw.gov.au/view/html/inforce/current/act-1976-067
act-1976-094,1976,094,https://legislation.nsw.gov.au/view/html/inforce/current/act-1976-094
act-1977-003,1977,003,https://legislation.nsw.gov.au/view/html/inforce/current/act-1977-003
act-1977-018,1977,018,https://legislation.nsw.gov.au/view/html/inforce/current/act-1977-018
act-1977-025,1977,025,https://legislation.nsw.gov.au/view/html/inforce/current/act-1977-025
act-1977-047,1977,047,https://legislation.nsw.gov.au/view/html/inforce/current/act-1977-047
act-1977-048,1977,048,https://legislation.nsw.gov.au/view/html/inforce/current/act-1977-048
act-1977-126,1977,126,https://legislation.nsw.gov.au/view/html/inforce/current/act-1977-126
act-1977-136,1977,136,https://legislation.nsw.gov.au/view/html/inforce/current/act-1977-136
act-1978-054,1978,054,https://legislation.nsw.gov.au/view/html/inforce/current/act-1978-054
act-1978-105,1978,105,https://legislation.nsw.gov.au/view/html/inforce/current/act-1978-105
act-1978-141,1978,141,https://legislation.nsw.gov.au/view/html/inforce/current/act-1978-141
act-1979-009,1979,009,https://legislation.nsw.gov.au/view/html/inforce/current/act-1979-009
act-1979-059,1979,059,https://legislation.nsw.gov.au/view/html/inforce/current/act-1979-059
act-1979-078,1979,078,https://legislation.nsw.gov.au/view/html/inforce/current/act-1979-078
act-1979-106,1979,106,https://legislation.nsw.gov.au/view/html/inforce/current/act-1979-106
act-1979-118,1979,118,https://legislation.nsw.gov.au/view/html/inforce/current/act-1979-118
act-1979-138,1979,138,https://legislation.nsw.gov.au/view/html/inforce/current/act-1979-138
act-1979-177,1979,177,https://legislation.nsw.gov.au/view/html/inforce/current/act-1979-177
act-1979-200,1979,200,https://legislation.nsw.gov.au/view/html/inforce/current/act-1979-200
act-1979-203,1979,203,https://legislation.nsw.gov.au/view/html/inforce/current/act-1979-203
act-1979-204,1979,204,https://legislation.nsw.gov.au/view/html/inforce/current/act-1979-204
act-1980-016,1980,016,https://legislation.nsw.gov.au/view/html/inforce/current/act-1980-016
act-1980-019,1980,019,https://legislation.nsw.gov.au/view/html/inforce/current/act-1980-019
act-1980-023,1980,023,https://legislation.nsw.gov.au/view/html/inforce/current/act-1980-023
act-1980-065,1980,065,https://legislation.nsw.gov.au/view/html/inforce/current/act-1980-065
act-1980-146,1980,146,https://legislation.nsw.gov.au/view/html/inforce/current/act-1980-146
act-1981-084,1981,084,https://legislation.nsw.gov.au/view/html/inforce/current/act-1981-084
act-1981-095,1981,095,https://legislation.nsw.gov.au/view/html/inforce/current/act-1981-095
act-1981-107,1981,107,https://legislation.nsw.gov.au/view/html/inforce/current/act-1981-107
act-1981-109,1981,109,https://legislation.nsw.gov.au/view/html/inforce/current/act-1981-109
act-1982-023,1982,023,https://legislation.nsw.gov.au/view/html/inforce/current/act-1982-023
act-1982-101,1982,101,https://legislation.nsw.gov.au/view/html/inforce/current/act-1982-101
act-1982-104,1982,104,https://legislation.nsw.gov.au/view/html/inforce/current/act-1982-104
act-1982-122,1982,122,https://legislation.nsw.gov.au/view/html/inforce/current/act-1982-122
act-1982-135,1982,135,https://legislation.nsw.gov.au/view/html/inforce/current/act-1982-135
act-1982-159,1982,159,https://legislation.nsw.gov.au/view/html/inforce/current/act-1982-159
act-1983-037,1983,037,https://legislation.nsw.gov.au/view/html/inforce/current/act-1983-037
act-1983-038,1983,038,https://legislation.nsw.gov.au/view/html/inforce/current/act-1983-038
act-1983-042,1983,042,https://legislation.nsw.gov.au/view/html/inforce/current/act-1983-042
act-1983-062,1983,062,https://legislation.nsw.gov.au/view/html/inforce/current/act-1983-062
act-1983-075,1983,075,https://legislation.nsw.gov.au/view/html/inforce/current/act-1983-075
act-1983-090,1983,090,https://legislation.nsw.gov.au/view/html/inforce/current/act-1983-090
act-1983-112,1983,112,https://legislation.nsw.gov.au/view/html/inforce/current/act-1983-112
act-1983-127,1983,127,https://legislation.nsw.gov.au/view/html/inforce/current/act-1983-127
act-1983-136,1983,136,https://legislation.nsw.gov.au/view/html/inforce/current/act-1983-136
act-1983-145,1983,145,https://legislation.nsw.gov.au/view/html/inforce/current/act-1983-145
act-1983-148,1983,148,https://legislation.nsw.gov.au/view/html/inforce/current/act-1983-148
act-1983-152,1983,152,https://legislation.nsw.gov.au/view/html/inforce/current/act-1983-152
act-1983-164,1983,164,https://legislation.nsw.gov.au/view/html/inforce/current/act-1983-164
act-1983-176,1983,176,https://legislation.nsw.gov.au/view/html/inforce/current/act-1983-176
act-1983-190,1983,190,https://legislation.nsw.gov.au/view/html/inforce/current/act-1983-190
act-1983-199,1983,199,https://legislation.nsw.gov.au/view/html/inforce/current/act-1983-199
act-1984-043,1984,043,https://legislation.nsw.gov.au/view/html/inforce/current/act-1984-043
act-1984-045,1984,045,https://legislation.nsw.gov.au/view/html/inforce/current/act-1984-045
act-1984-085,1984,085,https://legislation.nsw.gov.au/view/html/inforce/current/act-1984-085
act-1984-106,1984,106,https://legislation.nsw.gov.au/view/html/inforce/current/act-1984-106
act-1984-147,1984,147,https://legislation.nsw.gov.au/view/html/inforce/current/act-1984-147
act-1985-024,1985,024,https://legislation.nsw.gov.au/view/html/inforce/current/act-1985-024
act-1985-041,1985,041,https://legislation.nsw.gov.au/view/html/inforce/current/act-1985-041
act-1985-045,1985,045,https://legislation.nsw.gov.au/view/html/inforce/current/act-1985-045
act-1985-109,1985,109,https://legislation.nsw.gov.au/view/html/inforce/current/act-1985-109
act-1985-123,1985,123,https://legislation.nsw.gov.au/view/html/inforce/current/act-1985-123
act-1985-153,1985,153,https://legislation.nsw.gov.au/view/html/inforce/current/act-1985-153
act-1985-192,1985,192,https://legislation.nsw.gov.au/view/html/inforce/current/act-1985-192
act-1985-199,1985,199,https://legislation.nsw.gov.au/view/html/inforce/current/act-1985-199
act-1985-226,1985,226,https://legislation.nsw.gov.au/view/html/inforce/current/act-1985-226
act-1986-013,1986,013,https://legislation.nsw.gov.au/view/html/inforce/current/act-1986-013
act-1986-019,1986,019,https://legislation.nsw.gov.au/view/html/inforce/current/act-1986-019
act-1986-100,1986,100,https://legislation.nsw.gov.au/view/html/inforce/current/act-1986-100
act-1986-119,1986,119,https://legislation.nsw.gov.au/view/html/inforce/current/act-1986-119
act-1986-123,1986,123,https://legislation.nsw.gov.au/view/html/inforce/current/act-1986-123
act-1986-182,1986,182,https://legislation.nsw.gov.au/view/html/inforce/current/act-1986-182
act-1986-194,1986,194,https://legislation.nsw.gov.au/view/html/inforce/current/act-1986-194
act-1986-207,1986,207,https://legislation.nsw.gov.au/view/html/inforce/current/act-1986-207
act-1986-208,1986,208,https://legislation.nsw.gov.au/view/html/inforce/current/act-1986-208
act-1986-209,1986,209,https://legislation.nsw.gov.au/view/html/inforce/current/act-1986-209
act-1986-213,1986,213,https://legislation.nsw.gov.au/view/html/inforce/current/act-1986-213
act-1987-015,1987,015,https://legislation.nsw.gov.au/view/html/inforce/current/act-1987-015
act-1987-049,1987,049,https://legislation.nsw.gov.au/view/html/inforce/current/act-1987-049
act-1987-052,1987,052,https://legislation.nsw.gov.au/view/html/inforce/current/act-1987-052
act-1987-053,1987,053,https://legislation.nsw.gov.au/view/html/inforce/current/act-1987-053
act-1987-055,1987,055,https://legislation.nsw.gov.au/view/html/inforce/current/act-1987-055
act-1987-056,1987,056,https://legislation.nsw.gov.au/view/html/inforce/current/act-1987-056
act-1987-057,1987,057,https://legislation.nsw.gov.au/view/html/inforce/current/act-1987-057
act-1987-068,1987,068,https://legislation.nsw.gov.au/view/html/inforce/current/act-1987-068
act-1987-070,1987,070,https://legislation.nsw.gov.au/view/html/inforce/current/act-1987-070
act-1987-083,1987,083,https://legislation.nsw.gov.au/view/html/inforce/current/act-1987-083
act-1987-103,1987,103,https://legislation.nsw.gov.au/view/html/inforce/current/act-1987-103
act-1987-125,1987,125,https://legislation.nsw.gov.au/view/html/inforce/current/act-1987-125
act-1987-149,1987,149,https://legislation.nsw.gov.au/view/html/inforce/current/act-1987-149
act-1987-165,1987,165,https://legislation.nsw.gov.au/view/html/inforce/current/act-1987-165
act-1987-196,1987,196,https://legislation.nsw.gov.au/view/html/inforce/current/act-1987-196
act-1987-211,1987,211,https://legislation.nsw.gov.au/view/html/inforce/current/act-1987-211
act-1987-212,1987,212,https://legislation.nsw.gov.au/view/html/inforce/current/act-1987-212
act-1987-240,1987,240,https://legislation.nsw.gov.au/view/html/inforce/current/act-1987-240
act-1987-257,1987,257,https://legislation.nsw.gov.au/view/html/inforce/current/act-1987-257
act-1987-290,1987,290,https://legislation.nsw.gov.au/view/html/inforce/current/act-1987-290
act-1988-025,1988,025,https://legislation.nsw.gov.au/view/html/inforce/current/act-1988-025
act-1988-035,1988,035,https://legislation.nsw.gov.au/view/html/inforce/current/act-1988-035
act-1988-041,1988,041,https://legislation.nsw.gov.au/view/html/inforce/current/act-1988-041
act-1988-047,1988,047,https://legislation.nsw.gov.au/view/html/inforce/current/act-1988-047
act-1988-048,1988,048,https://legislation.nsw.gov.au/view/html/inforce/current/act-1988-048
act-1988-070,1988,070,https://legislation.nsw.gov.au/view/html/inforce/current/act-1988-070
act-1988-085,1988,085,https://legislation.nsw.gov.au/view/html/inforce/current/act-1988-085
act-1988-102,1988,102,https://legislation.nsw.gov.au/view/html/inforce/current/act-1988-102
act-1988-109,1988,109,https://legislation.nsw.gov.au/view/html/inforce/current/act-1988-109
act-1988-111,1988,111,https://legislation.nsw.gov.au/view/html/inforce/current/act-1988-111
act-1989-013,1989,013,https://legislation.nsw.gov.au/view/html/inforce/current/act-1989-013
act-1989-044,1989,044,https://legislation.nsw.gov.au/view/html/inforce/current/act-1989-044
act-1989-063,1989,063,https://legislation.nsw.gov.au/view/html/inforce/current/act-1989-063
act-1989-065,1989,065,https://legislation.nsw.gov.au/view/html/inforce/current/act-1989-065
act-1989-068,1989,068,https://legislation.nsw.gov.au/view/html/inforce/current/act-1989-068
act-1989-069,1989,069,https://legislation.nsw.gov.au/view/html/inforce/current/act-1989-069
act-1989-076,1989,076,https://legislation.nsw.gov.au/view/html/inforce/current/act-1989-076
act-1989-090,1989,090,https://legislation.nsw.gov.au/view/html/inforce/current/act-1989-090
act-1989-095,1989,095,https://legislation.nsw.gov.au/view/html/inforce/current/act-1989-095
act-1989-097,1989,097,https://legislation.nsw.gov.au/view/html/inforce/current/act-1989-097
act-1989-124,1989,124,https://legislation.nsw.gov.au/view/html/inforce/current/act-1989-124
act-1989-125,1989,125,https://legislation.nsw.gov.au/view/html/inforce/current/act-1989-125
act-1989-126,1989,126,https://legislation.nsw.gov.au/view/html/inforce/current/act-1989-126
act-1989-127,1989,127,https://legislation.nsw.gov.au/view/html/inforce/current/act-1989-127
act-1989-134,1989,134,https://legislation.nsw.gov.au/view/html/inforce/current/act-1989-134
act-1989-146,1989,146,https://legislation.nsw.gov.au/view/html/inforce/current/act-1989-146
act-1989-147,1989,147,https://legislation.nsw.gov.au/view/html/inforce/current/act-1989-147
act-1989-160,1989,160,https://legislation.nsw.gov.au/view/html/inforce/current/act-1989-160
act-1989-164,1989,164,https://legislation.nsw.gov.au/view/html/inforce/current/act-1989-164
act-1989-165,1989,165,https://legislation.nsw.gov.au/view/html/inforce/current/act-1989-165
act-1989-172,1989,172,https://legislation.nsw.gov.au/view/html/inforce/current/act-1989-172
act-1989-182,1989,182,https://legislation.nsw.gov.au/view/html/inforce/current/act-1989-182
act-1989-190,1989,190,https://legislation.nsw.gov.au/view/html/inforce/current/act-1989-190
act-1989-192,1989,192,https://legislation.nsw.gov.au/view/html/inforce/current/act-1989-192
act-1989-195,1989,195,https://legislation.nsw.gov.au/view/html/inforce/current/act-1989-195
act-1989-208,1989,208,https://legislation.nsw.gov.au/view/html/inforce/current/act-1989-208
act-1990-008,1990,008,https://legislation.nsw.gov.au/view/html/inforce/current/act-1990-008
act-1990-013,1990,013,https://legislation.nsw.gov.au/view/html/inforce/current/act-1990-013
act-1990-019,1990,019,https://legislation.nsw.gov.au/view/html/inforce/current/act-1990-019
act-1990-023,1990,023,https://legislation.nsw.gov.au/view/html/inforce/current/act-1990-023
act-1990-039,1990,039,https://legislation.nsw.gov.au/view/html/inforce/current/act-1990-039
act-1990-047,1990,047,https://legislation.nsw.gov.au/view/html/inforce/current/act-1990-047
act-1990-059,1990,059,https://legislation.nsw.gov.au/view/html/inforce/current/act-1990-059
act-1990-064,1990,064,https://legislation.nsw.gov.au/view/html/inforce/current/act-1990-064
act-1990-067,1990,067,https://legislation.nsw.gov.au/view/html/inforce/current/act-1990-067
act-1990-083,1990,083,https://legislation.nsw.gov.au/view/html/inforce/current/act-1990-083
act-1990-092,1990,092,https://legislation.nsw.gov.au/view/html/inforce/current/act-1990-092
act-1990-110,1990,110,https://legislation.nsw.gov.au/view/html/inforce/current/act-1990-110
act-1990-118,1990,118,https://legislation.nsw.gov.au/view/html/inforce/current/act-1990-118
act-1991-004,1991,004,https://legislation.nsw.gov.au/view/html/inforce/current/act-1991-004
act-1991-008,1991,008,https://legislation.nsw.gov.au/view/html/inforce/current/act-1991-008
act-1991-022,1991,022,https://legislation.nsw.gov.au/view/html/inforce/current/act-1991-022
act-1991-035,1991,035,https://legislation.nsw.gov.au/view/html/inforce/current/act-1991-035
act-1991-038,1991,038,https://legislation.nsw.gov.au/view/html/inforce/current/act-1991-038
act-1991-053,1991,053,https://legislation.nsw.gov.au/view/html/inforce/current/act-1991-053
act-1991-060,1991,060,https://legislation.nsw.gov.au/view/html/inforce/current/act-1991-060
act-1991-069,1991,069,https://legislation.nsw.gov.au/view/html/inforce/current/act-1991-069
act-1991-072,1991,072,https://legislation.nsw.gov.au/view/html/inforce/current/act-1991-072
act-1991-082,1991,082,https://legislation.nsw.gov.au/view/html/inforce/current/act-1991-082
act-1991-084,1991,084,https://legislation.nsw.gov.au/view/html/inforce/current/act-1991-084
act-1991-091,1991,091,https://legislation.nsw.gov.au/view/html/inforce/current/act-1991-091
act-1992-003,1992,003,https://legislation.nsw.gov.au/view/html/inforce/current/act-1992-003
act-1992-010,1992,010,https://legislation.nsw.gov.au/view/html/inforce/current/act-1992-010
act-1992-015,1992,015,https://legislation.nsw.gov.au/view/html/inforce/current/act-1992-015
act-1992-017,1992,017,https://legislation.nsw.gov.au/view/html/inforce/current/act-1992-017
act-1992-029,1992,029,https://legislation.nsw.gov.au/view/html/inforce/current/act-1992-029
act-1992-031,1992,031,https://legislation.nsw.gov.au/view/html/inforce/current/act-1992-031
act-1992-039,1992,039,https://legislation.nsw.gov.au/view/html/inforce/current/act-1992-039
act-1992-049,1992,049,https://legislation.nsw.gov.au/view/html/inforce/current/act-1992-049
act-1992-061,1992,061,https://legislation.nsw.gov.au/view/html/inforce/current/act-1992-061
act-1992-080,1992,080,https://legislation.nsw.gov.au/view/html/inforce/current/act-1992-080
act-1992-099,1992,099,https://legislation.nsw.gov.au/view/html/inforce/current/act-1992-099
act-1992-100,1992,100,https://legislation.nsw.gov.au/view/html/inforce/current/act-1992-100
act-1992-104,1992,104,https://legislation.nsw.gov.au/view/html/inforce/current/act-1992-104
act-1993-002,1993,002,https://legislation.nsw.gov.au/view/html/inforce/current/act-1993-002
act-1993-010,1993,010,https://legislation.nsw.gov.au/view/html/inforce/current/act-1993-010
act-1993-019,1993,019,https://legislation.nsw.gov.au/view/html/inforce/current/act-1993-019
act-1993-020,1993,020,https://legislation.nsw.gov.au/view/html/inforce/current/act-1993-020
act-1993-030,1993,030,https://legislation.nsw.gov.au/view/html/inforce/current/act-1993-030
act-1993-033,1993,033,https://legislation.nsw.gov.au/view/html/inforce/current/act-1993-033
act-1993-068,1993,068,https://legislation.nsw.gov.au/view/html/inforce/current/act-1993-068
act-1993-069,1993,069,https://legislation.nsw.gov.au/view/html/inforce/current/act-1993-069
act-1993-094,1993,094,https://legislation.nsw.gov.au/view/html/inforce/current/act-1993-094
act-1993-105,1993,105,https://legislation.nsw.gov.au/view/html/inforce/current/act-1993-105
act-1993-109,1993,109,https://legislation.nsw.gov.au/view/html/inforce/current/act-1993-109
act-1994-038,1994,038,https://legislation.nsw.gov.au/view/html/inforce/current/act-1994-038
act-1994-045,1994,045,https://legislation.nsw.gov.au/view/html/inforce/current/act-1994-045
act-1994-046,1994,046,https://legislation.nsw.gov.au/view/html/inforce/current/act-1994-046
act-1994-047,1994,047,https://legislation.nsw.gov.au/view/html/inforce/current/act-1994-047
act-1994-053,1994,053,https://legislation.nsw.gov.au/view/html/inforce/current/act-1994-053
act-1994-061,1994,061,https://legislation.nsw.gov.au/view/html/inforce/current/act-1994-061
act-1994-065,1994,065,https://legislation.nsw.gov.au/view/html/inforce/current/act-1994-065
act-1994-071,1994,071,https://legislation.nsw.gov.au/view/html/inforce/current/act-1994-071
act-1994-073,1994,073,https://legislation.nsw.gov.au/view/html/inforce/current/act-1994-073
act-1994-081,1994,081,https://legislation.nsw.gov.au/view/html/inforce/current/act-1994-081
act-1994-088,1994,088,https://legislation.nsw.gov.au/view/html/inforce/current/act-1994-088
act-1994-091,1994,091,https://legislation.nsw.gov.au/view/html/inforce/current/act-1994-091
act-1995-004,1995,004,https://legislation.nsw.gov.au/view/html/inforce/current/act-1995-004
act-1995-008,1995,008,https://legislation.nsw.gov.au/view/html/inforce/current/act-1995-008
act-1995-013,1995,013,https://legislation.nsw.gov.au/view/html/inforce/current/act-1995-013
act-1995-025,1995,025,https://legislation.nsw.gov.au/view/html/inforce/current/act-1995-025
act-1995-026,1995,026,https://legislation.nsw.gov.au/view/html/inforce/current/act-1995-026
act-1995-028,1995,028,https://legislation.nsw.gov.au/view/html/inforce/current/act-1995-028
act-1995-050,1995,050,https://legislation.nsw.gov.au/view/html/inforce/current/act-1995-050
act-1995-052,1995,052,https://legislation.nsw.gov.au/view/html/inforce/current/act-1995-052
act-1995-055,1995,055,https://legislation.nsw.gov.au/view/html/inforce/current/act-1995-055
act-1995-062,1995,062,https://legislation.nsw.gov.au/view/html/inforce/current/act-1995-062
act-1995-063,1995,063,https://legislation.nsw.gov.au/view/html/inforce/current/act-1995-063
act-1995-065,1995,065,https://legislation.nsw.gov.au/view/html/inforce/current/act-1995-065
act-1995-068,1995,068,https://legislation.nsw.gov.au/view/html/inforce/current/act-1995-068
act-1995-075,1995,075,https://legislation.nsw.gov.au/view/html/inforce/current/act-1995-075
act-1995-087,1995,087,https://legislation.nsw.gov.au/view/html/inforce/current/act-1995-087
act-1995-094,1995,094,https://legislation.nsw.gov.au/view/html/inforce/current/act-1995-094
act-1995-095,1995,095,https://legislation.nsw.gov.au/view/html/inforce/current/act-1995-095
act-1996-013,1996,013,https://legislation.nsw.gov.au/view/html/inforce/current/act-1996-013
act-1996-017,1996,017,https://legislation.nsw.gov.au/view/html/inforce/current/act-1996-017
act-1996-037,1996,037,https://legislation.nsw.gov.au/view/html/inforce/current/act-1996-037
act-1996-038,1996,038,https://legislation.nsw.gov.au/view/html/inforce/current/act-1996-038
act-1996-039,1996,039,https://legislation.nsw.gov.au/view/html/inforce/current/act-1996-039
act-1996-040,1996,040,https://legislation.nsw.gov.au/view/html/inforce/current/act-1996-040
act-1996-046,1996,046,https://legislation.nsw.gov.au/view/html/inforce/current/act-1996-046
act-1996-064,1996,064,https://legislation.nsw.gov.au/view/html/inforce/current/act-1996-064
act-1996-074,1996,074,https://legislation.nsw.gov.au/view/html/inforce/current/act-1996-074
act-1996-076,1996,076,https://legislation.nsw.gov.au/view/html/inforce/current/act-1996-076
act-1996-077,1996,077,https://legislation.nsw.gov.au/view/html/inforce/current/act-1996-077
act-1996-086,1996,086,https://legislation.nsw.gov.au/view/html/inforce/current/act-1996-086
act-1996-096,1996,096,https://legislation.nsw.gov.au/view/html/inforce/current/act-1996-096
act-1996-097,1996,097,https://legislation.nsw.gov.au/view/html/inforce/current/act-1996-097
act-1996-099,1996,099,https://legislation.nsw.gov.au/view/html/inforce/current/act-1996-099
act-1996-102,1996,102,https://legislation.nsw.gov.au/view/html/inforce/current/act-1996-102
act-1996-130,1996,130,https://legislation.nsw.gov.au/view/html/inforce/current/act-1996-130
act-1996-131,1996,131,https://legislation.nsw.gov.au/view/html/inforce/current/act-1996-131
act-1997-020,1997,020,https://legislation.nsw.gov.au/view/html/inforce/current/act-1997-020
act-1997-043,1997,043,https://legislation.nsw.gov.au/view/html/inforce/current/act-1997-043
act-1997-045,1997,045,https://legislation.nsw.gov.au/view/html/inforce/current/act-1997-045
act-1997-054,1997,054,https://legislation.nsw.gov.au/view/html/inforce/current/act-1997-054
act-1997-056,1997,056,https://legislation.nsw.gov.au/view/html/inforce/current/act-1997-056
act-1997-062,1997,062,https://legislation.nsw.gov.au/view/html/inforce/current/act-1997-062
act-1997-065,1997,065,https://legislation.nsw.gov.au/view/html/inforce/current/act-1997-065
act-1997-066,1997,066,https://legislation.nsw.gov.au/view/html/inforce/current/act-1997-066
act-1997-076,1997,076,https://legislation.nsw.gov.au/view/html/inforce/current/act-1997-076
act-1997-078,1997,078,https://legislation.nsw.gov.au/view/html/inforce/current/act-1997-078
act-1997-090,1997,090,https://legislation.nsw.gov.au/view/html/inforce/current/act-1997-090
act-1997-092,1997,092,https://legislation.nsw.gov.au/view/html/inforce/current/act-1997-092
act-1997-098,1997,098,https://legislation.nsw.gov.au/view/html/inforce/current/act-1997-098
act-1997-099,1997,099,https://legislation.nsw.gov.au/view/html/inforce/current/act-1997-099
act-1997-110,1997,110,https://legislation.nsw.gov.au/view/html/inforce/current/act-1997-110
act-1997-116,1997,116,https://legislation.nsw.gov.au/view/html/inforce/current/act-1997-116
act-1997-123,1997,123,https://legislation.nsw.gov.au/view/html/inforce/current/act-1997-123
act-1997-136,1997,136,https://legislation.nsw.gov.au/view/html/inforce/current/act-1997-136
act-1997-139,1997,139,https://legislation.nsw.gov.au/view/html/inforce/current/act-1997-139
act-1997-140,1997,140,https://legislation.nsw.gov.au/view/html/inforce/current/act-1997-140
act-1997-144,1997,144,https://legislation.nsw.gov.au/view/html/inforce/current/act-1997-144
act-1997-154,1997,154,https://legislation.nsw.gov.au/view/html/inforce/current/act-1997-154
act-1997-156,1997,156,https://legislation.nsw.gov.au/view/html/inforce/current/act-1997-156
act-1997-157,1997,157,https://legislation.nsw.gov.au/view/html/inforce/current/act-1997-157
act-1998-006,1998,006,https://legislation.nsw.gov.au/view/html/inforce/current/act-1998-006
act-1998-011,1998,011,https://legislation.nsw.gov.au/view/html/inforce/current/act-1998-011
act-1998-015,1998,015,https://legislation.nsw.gov.au/view/html/inforce/current/act-1998-015
act-1998-017,1998,017,https://legislation.nsw.gov.au/view/html/inforce/current/act-1998-017
act-1998-018,1998,018,https://legislation.nsw.gov.au/view/html/inforce/current/act-1998-018
act-1998-045,1998,045,https://legislation.nsw.gov.au/view/html/inforce/current/act-1998-045
act-1998-047,1998,047,https://legislation.nsw.gov.au/view/html/inforce/current/act-1998-047
act-1998-082,1998,082,https://legislation.nsw.gov.au/view/html/inforce/current/act-1998-082
act-1998-086,1998,086,https://legislation.nsw.gov.au/view/html/inforce/current/act-1998-086
act-1998-087,1998,087,https://legislation.nsw.gov.au/view/html/inforce/current/act-1998-087
act-1998-096,1998,096,https://legislation.nsw.gov.au/view/html/inforce/current/act-1998-096
act-1998-100,1998,100,https://legislation.nsw.gov.au/view/html/inforce/current/act-1998-100
act-1998-105,1998,105,https://legislation.nsw.gov.au/view/html/inforce/current/act-1998-105
act-1998-111,1998,111,https://legislation.nsw.gov.au/view/html/inforce/current/act-1998-111
act-1998-113,1998,113,https://legislation.nsw.gov.au/view/html/inforce/current/act-1998-113
act-1998-114,1998,114,https://legislation.nsw.gov.au/view/html/inforce/current/act-1998-114
act-1998-115,1998,115,https://legislation.nsw.gov.au/view/html/inforce/current/act-1998-115
act-1998-121,1998,121,https://legislation.nsw.gov.au/view/html/inforce/current/act-1998-121
act-1998-127,1998,127,https://legislation.nsw.gov.au/view/html/inforce/current/act-1998-127
act-1998-133,1998,133,https://legislation.nsw.gov.au/view/html/inforce/current/act-1998-133
act-1998-139,1998,139,https://legislation.nsw.gov.au/view/html/inforce/current/act-1998-139
act-1998-150,1998,150,https://legislation.nsw.gov.au/view/html/inforce/current/act-1998-150
act-1998-153,1998,153,https://legislation.nsw.gov.au/view/html/inforce/current/act-1998-153
act-1998-157,1998,157,https://legislation.nsw.gov.au/view/html/inforce/current/act-1998-157
act-1998-163,1998,163,https://legislation.nsw.gov.au/view/html/inforce/current/act-1998-163
act-1998-170,1998,170,https://legislation.nsw.gov.au/view/html/inforce/current/act-1998-170
act-1998-173,1998,173,https://legislation.nsw.gov.au/view/html/inforce/current/act-1998-173
act-1999-001,1999,001,https://legislation.nsw.gov.au/view/html/inforce/current/act-1999-001
act-1999-005,1999,005,https://legislation.nsw.gov.au/view/html/inforce/current/act-1999-005
act-1999-022,1999,022,https://legislation.nsw.gov.au/view/html/inforce/current/act-1999-022
act-1999-041,1999,041,https://legislation.nsw.gov.au/view/html/inforce/current/act-1999-041
act-1999-042,1999,042,https://legislation.nsw.gov.au/view/html/inforce/current/act-1999-042
act-1999-046,1999,046,https://legislation.nsw.gov.au/view/html/inforce/current/act-1999-046
act-1999-080,1999,080,https://legislation.nsw.gov.au/view/html/inforce/current/act-1999-080
act-1999-081,1999,081,https://legislation.nsw.gov.au/view/html/inforce/current/act-1999-081
act-1999-092,1999,092,https://legislation.nsw.gov.au/view/html/inforce/current/act-1999-092
act-1999-093,1999,093,https://legislation.nsw.gov.au/view/html/inforce/current/act-1999-093
act-1999-097,1999,097,https://legislation.nsw.gov.au/view/html/inforce/current/act-1999-097
act-2000-002,2000,002,https://legislation.nsw.gov.au/view/html/inforce/current/act-2000-002
act-2000-008,2000,008,https://legislation.nsw.gov.au/view/html/inforce/current/act-2000-008
act-2000-021,2000,021,https://legislation.nsw.gov.au/view/html/inforce/current/act-2000-021
act-2000-042,2000,042,https://legislation.nsw.gov.au/view/html/inforce/current/act-2000-042
act-2000-044,2000,044,https://legislation.nsw.gov.au/view/html/inforce/current/act-2000-044
act-2000-059,2000,059,https://legislation.nsw.gov.au/view/html/inforce/current/act-2000-059
act-2000-069,2000,069,https://legislation.nsw.gov.au/view/html/inforce/current/act-2000-069
act-2000-071,2000,071,https://legislation.nsw.gov.au/view/html/inforce/current/act-2000-071
act-2000-075,2000,075,https://legislation.nsw.gov.au/view/html/inforce/current/act-2000-075
act-2000-077,2000,077,https://legislation.nsw.gov.au/view/html/inforce/current/act-2000-077
act-2000-092,2000,092,https://legislation.nsw.gov.au/view/html/inforce/current/act-2000-092
act-2000-097,2000,097,https://legislation.nsw.gov.au/view/html/inforce/current/act-2000-097
act-2000-103,2000,103,https://legislation.nsw.gov.au/view/html/inforce/current/act-2000-103
act-2001-001,2001,001,https://legislation.nsw.gov.au/view/html/inforce/current/act-2001-001
act-2001-017,2001,017,https://legislation.nsw.gov.au/view/html/inforce/current/act-2001-017
act-2001-032,2001,032,https://legislation.nsw.gov.au/view/html/inforce/current/act-2001-032
act-2001-033,2001,033,https://legislation.nsw.gov.au/view/html/inforce/current/act-2001-033
act-2001-035,2001,035,https://legislation.nsw.gov.au/view/html/inforce/current/act-2001-035
act-2001-040,2001,040,https://legislation.nsw.gov.au/view/html/inforce/current/act-2001-040
act-2001-042,2001,042,https://legislation.nsw.gov.au/view/html/inforce/current/act-2001-042
act-2001-043,2001,043,https://legislation.nsw.gov.au/view/html/inforce/current/act-2001-043
act-2001-045,2001,045,https://legislation.nsw.gov.au/view/html/inforce/current/act-2001-045
act-2001-052,2001,052,https://legislation.nsw.gov.au/view/html/inforce/current/act-2001-052
act-2001-057,2001,057,https://legislation.nsw.gov.au/view/html/inforce/current/act-2001-057
act-2001-058,2001,058,https://legislation.nsw.gov.au/view/html/inforce/current/act-2001-058
act-2001-072,2001,072,https://legislation.nsw.gov.au/view/html/inforce/current/act-2001-072
act-2001-078,2001,078,https://legislation.nsw.gov.au/view/html/inforce/current/act-2001-078
act-2001-080,2001,080,https://legislation.nsw.gov.au/view/html/inforce/current/act-2001-080
act-2001-102,2001,102,https://legislation.nsw.gov.au/view/html/inforce/current/act-2001-102
act-2001-107,2001,107,https://legislation.nsw.gov.au/view/html/inforce/current/act-2001-107
act-2001-120,2001,120,https://legislation.nsw.gov.au/view/html/inforce/current/act-2001-120
act-2001-127,2001,127,https://legislation.nsw.gov.au/view/html/inforce/current/act-2001-127
act-2001-128,2001,128,https://legislation.nsw.gov.au/view/html/inforce/current/act-2001-128
act-2001-129,2001,129,https://legislation.nsw.gov.au/view/html/inforce/current/act-2001-129
act-2002-016,2002,016,https://legislation.nsw.gov.au/view/html/inforce/current/act-2002-016
act-2002-022,2002,022,https://legislation.nsw.gov.au/view/html/inforce/current/act-2002-022
act-2002-027,2002,027,https://legislation.nsw.gov.au/view/html/inforce/current/act-2002-027
act-2002-028,2002,028,https://legislation.nsw.gov.au/view/html/inforce/current/act-2002-028
act-2002-060,2002,060,https://legislation.nsw.gov.au/view/html/inforce/current/act-2002-060
act-2002-064,2002,064,https://legislation.nsw.gov.au/view/html/inforce/current/act-2002-064
act-2002-066,2002,066,https://legislation.nsw.gov.au/view/html/inforce/current/act-2002-066
act-2002-071,2002,071,https://legislation.nsw.gov.au/view/html/inforce/current/act-2002-071
act-2002-083,2002,083,https://legislation.nsw.gov.au/view/html/inforce/current/act-2002-083
act-2002-088,2002,088,https://legislation.nsw.gov.au/view/html/inforce/current/act-2002-088
act-2002-103,2002,103,https://legislation.nsw.gov.au/view/html/inforce/current/act-2002-103
act-2002-114,2002,114,https://legislation.nsw.gov.au/view/html/inforce/current/act-2002-114
act-2002-115,2002,115,https://legislation.nsw.gov.au/view/html/inforce/current/act-2002-115
act-2002-137,2002,137,https://legislation.nsw.gov.au/view/html/inforce/current/act-2002-137
act-2002-139,2002,139,https://legislation.nsw.gov.au/view/html/inforce/current/act-2002-139
act-2003-003,2003,003,https://legislation.nsw.gov.au/view/html/inforce/current/act-2003-003
act-2003-011,2003,011,https://legislation.nsw.gov.au/view/html/inforce/current/act-2003-011
act-2003-012,2003,012,https://legislation.nsw.gov.au/view/html/inforce/current/act-2003-012
act-2003-013,2003,013,https://legislation.nsw.gov.au/view/html/inforce/current/act-2003-013
act-2003-014,2003,014,https://legislation.nsw.gov.au/view/html/inforce/current/act-2003-014
act-2003-020,2003,020,https://legislation.nsw.gov.au/view/html/inforce/current/act-2003-020
act-2003-021,2003,021,https://legislation.nsw.gov.au/view/html/inforce/current/act-2003-021
act-2003-024,2003,024,https://legislation.nsw.gov.au/view/html/inforce/current/act-2003-024
act-2003-039,2003,039,https://legislation.nsw.gov.au/view/html/inforce/current/act-2003-039
act-2003-043,2003,043,https://legislation.nsw.gov.au/view/html/inforce/current/act-2003-043
act-2003-044,2003,044,https://legislation.nsw.gov.au/view/html/inforce/current/act-2003-044
act-2003-049,2003,049,https://legislation.nsw.gov.au/view/html/inforce/current/act-2003-049
act-2003-053,2003,053,https://legislation.nsw.gov.au/view/html/inforce/current/act-2003-053
act-2003-062,2003,062,https://legislation.nsw.gov.au/view/html/inforce/current/act-2003-062
act-2003-087,2003,087,https://legislation.nsw.gov.au/view/html/inforce/current/act-2003-087
act-2003-089,2003,089,https://legislation.nsw.gov.au/view/html/inforce/current/act-2003-089
act-2003-102,2003,102,https://legislation.nsw.gov.au/view/html/inforce/current/act-2003-102
act-2004-001,2004,001,https://legislation.nsw.gov.au/view/html/inforce/current/act-2004-001
act-2004-007,2004,007,https://legislation.nsw.gov.au/view/html/inforce/current/act-2004-007
act-2004-019,2004,019,https://legislation.nsw.gov.au/view/html/inforce/current/act-2004-019
act-2004-027,2004,027,https://legislation.nsw.gov.au/view/html/inforce/current/act-2004-027
act-2004-038,2004,038,https://legislation.nsw.gov.au/view/html/inforce/current/act-2004-038
act-2004-046,2004,046,https://legislation.nsw.gov.au/view/html/inforce/current/act-2004-046
act-2004-058,2004,058,https://legislation.nsw.gov.au/view/html/inforce/current/act-2004-058
act-2004-065,2004,065,https://legislation.nsw.gov.au/view/html/inforce/current/act-2004-065
act-2004-072,2004,072,https://legislation.nsw.gov.au/view/html/inforce/current/act-2004-072
act-2004-078,2004,078,https://legislation.nsw.gov.au/view/html/inforce/current/act-2004-078
act-2004-106,2004,106,https://legislation.nsw.gov.au/view/html/inforce/current/act-2004-106
act-2005-001,2005,001,https://legislation.nsw.gov.au/view/html/inforce/current/act-2005-001
act-2005-006,2005,006,https://legislation.nsw.gov.au/view/html/inforce/current/act-2005-006
act-2005-012,2005,012,https://legislation.nsw.gov.au/view/html/inforce/current/act-2005-012
act-2005-020,2005,020,https://legislation.nsw.gov.au/view/html/inforce/current/act-2005-020
act-2005-028,2005,028,https://legislation.nsw.gov.au/view/html/inforce/current/act-2005-028
act-2005-047,2005,047,https://legislation.nsw.gov.au/view/html/inforce/current/act-2005-047
act-2005-056,2005,056,https://legislation.nsw.gov.au/view/html/inforce/current/act-2005-056
act-2005-077,2005,077,https://legislation.nsw.gov.au/view/html/inforce/current/act-2005-077
act-2005-084,2005,084,https://legislation.nsw.gov.au/view/html/inforce/current/act-2005-084
act-2005-087,2005,087,https://legislation.nsw.gov.au/view/html/inforce/current/act-2005-087
act-2005-105,2005,105,https://legislation.nsw.gov.au/view/html/inforce/current/act-2005-105
act-2005-106,2005,106,https://legislation.nsw.gov.au/view/html/inforce/current/act-2005-106
act-2005-107,2005,107,https://legislation.nsw.gov.au/view/html/inforce/current/act-2005-107
act-2005-116,2005,116,https://legislation.nsw.gov.au/view/html/inforce/current/act-2005-116
act-2006-007,2006,007,https://legislation.nsw.gov.au/view/html/inforce/current/act-2006-007
act-2006-012,2006,012,https://legislation.nsw.gov.au/view/html/inforce/current/act-2006-012
act-2006-016,2006,016,https://legislation.nsw.gov.au/view/html/inforce/current/act-2006-016
act-2006-040,2006,040,https://legislation.nsw.gov.au/view/html/inforce/current/act-2006-040
act-2006-080,2006,080,https://legislation.nsw.gov.au/view/html/inforce/current/act-2006-080
act-2006-090,2006,090,https://legislation.nsw.gov.au/view/html/inforce/current/act-2006-090
act-2006-092,2006,092,https://legislation.nsw.gov.au/view/html/inforce/current/act-2006-092
act-2006-096,2006,096,https://legislation.nsw.gov.au/view/html/inforce/current/act-2006-096
act-2006-104,2006,104,https://legislation.nsw.gov.au/view/html/inforce/current/act-2006-104
act-2006-126,2006,126,https://legislation.nsw.gov.au/view/html/inforce/current/act-2006-126
act-2007-007,2007,007,https://legislation.nsw.gov.au/view/html/inforce/current/act-2007-007
act-2007-008,2007,008,https://legislation.nsw.gov.au/view/html/inforce/current/act-2007-008
act-2007-009,2007,009,https://legislation.nsw.gov.au/view/html/inforce/current/act-2007-009
act-2007-021,2007,021,https://legislation.nsw.gov.au/view/html/inforce/current/act-2007-021
act-2007-023,2007,023,https://legislation.nsw.gov.au/view/html/inforce/current/act-2007-023
act-2007-041,2007,041,https://legislation.nsw.gov.au/view/html/inforce/current/act-2007-041
act-2007-064,2007,064,https://legislation.nsw.gov.au/view/html/inforce/current/act-2007-064
act-2007-069,2007,069,https://legislation.nsw.gov.au/view/html/inforce/current/act-2007-069
act-2007-080,2007,080,https://legislation.nsw.gov.au/view/html/inforce/current/act-2007-080
act-2007-090,2007,090,https://legislation.nsw.gov.au/view/html/inforce/current/act-2007-090
act-2007-091,2007,091,https://legislation.nsw.gov.au/view/html/inforce/current/act-2007-091
act-2007-093,2007,093,https://legislation.nsw.gov.au/view/html/inforce/current/act-2007-093
act-2008-031,2008,031,https://legislation.nsw.gov.au/view/html/inforce/current/act-2008-031
act-2008-049,2008,049,https://legislation.nsw.gov.au/view/html/inforce/current/act-2008-049
act-2008-050,2008,050,https://legislation.nsw.gov.au/view/html/inforce/current/act-2008-050
act-2008-058,2008,058,https://legislation.nsw.gov.au/view/html/inforce/current/act-2008-058
act-2008-065,2008,065,https://legislation.nsw.gov.au/view/html/inforce/current/act-2008-065
act-2008-069,2008,069,https://legislation.nsw.gov.au/view/html/inforce/current/act-2008-069
act-2008-080,2008,080,https://legislation.nsw.gov.au/view/html/inforce/current/act-2008-080
act-2008-094,2008,094,https://legislation.nsw.gov.au/view/html/inforce/current/act-2008-094
act-2008-095,2008,095,https://legislation.nsw.gov.au/view/html/inforce/current/act-2008-095
act-2008-100,2008,100,https://legislation.nsw.gov.au/view/html/inforce/current/act-2008-100
act-2009-002,2009,002,https://legislation.nsw.gov.au/view/html/inforce/current/act-2009-002
act-2009-005,2009,005,https://legislation.nsw.gov.au/view/html/inforce/current/act-2009-005
act-2009-007,2009,007,https://legislation.nsw.gov.au/view/html/inforce/current/act-2009-007
act-2009-020,2009,020,https://legislation.nsw.gov.au/view/html/inforce/current/act-2009-020
act-2009-035,2009,035,https://legislation.nsw.gov.au/view/html/inforce/current/act-2009-035
act-2009-041,2009,041,https://legislation.nsw.gov.au/view/html/inforce/current/act-2009-041
act-2009-049,2009,049,https://legislation.nsw.gov.au/view/html/inforce/current/act-2009-049
act-2009-052,2009,052,https://legislation.nsw.gov.au/view/html/inforce/current/act-2009-052
act-2009-053,2009,053,https://legislation.nsw.gov.au/view/html/inforce/current/act-2009-053
act-2009-060,2009,060,https://legislation.nsw.gov.au/view/html/inforce/current/act-2009-060
act-2009-073,2009,073,https://legislation.nsw.gov.au/view/html/inforce/current/act-2009-073
act-2009-086,2009,086,https://legislation.nsw.gov.au/view/html/inforce/current/act-2009-086
act-2009-115,2009,115,https://legislation.nsw.gov.au/view/html/inforce/current/act-2009-115
act-2010-006,2010,006,https://legislation.nsw.gov.au/view/html/inforce/current/act-2010-006
act-2010-008,2010,008,https://legislation.nsw.gov.au/view/html/inforce/current/act-2010-008
act-2010-019,2010,019,https://legislation.nsw.gov.au/view/html/inforce/current/act-2010-019
act-2010-020,2010,020,https://legislation.nsw.gov.au/view/html/inforce/current/act-2010-020
act-2010-022,2010,022,https://legislation.nsw.gov.au/view/html/inforce/current/act-2010-022
act-2010-024,2010,024,https://legislation.nsw.gov.au/view/html/inforce/current/act-2010-024
act-2010-042,2010,042,https://legislation.nsw.gov.au/view/html/inforce/current/act-2010-042
act-2010-061,2010,061,https://legislation.nsw.gov.au/view/html/inforce/current/act-2010-061
act-2010-073,2010,073,https://legislation.nsw.gov.au/view/html/inforce/current/act-2010-073
act-2010-076,2010,076,https://legislation.nsw.gov.au/view/html/inforce/current/act-2010-076
act-2010-083,2010,083,https://legislation.nsw.gov.au/view/html/inforce/current/act-2010-083
act-2010-093,2010,093,https://legislation.nsw.gov.au/view/html/inforce/current/act-2010-093
act-2010-102,2010,102,https://legislation.nsw.gov.au/view/html/inforce/current/act-2010-102
act-2010-104,2010,104,https://legislation.nsw.gov.au/view/html/inforce/current/act-2010-104
act-2010-106,2010,106,https://legislation.nsw.gov.au/view/html/inforce/current/act-2010-106
act-2010-112,2010,112,https://legislation.nsw.gov.au/view/html/inforce/current/act-2010-112
act-2010-115,2010,115,https://legislation.nsw.gov.au/view/html/inforce/current/act-2010-115
act-2010-122,2010,122,https://legislation.nsw.gov.au/view/html/inforce/current/act-2010-122
act-2010-123,2010,123,https://legislation.nsw.gov.au/view/html/inforce/current/act-2010-123
act-2010-127,2010,127,https://legislation.nsw.gov.au/view/html/inforce/current/act-2010-127
act-2010-131,2010,131,https://legislation.nsw.gov.au/view/html/inforce/current/act-2010-131
act-2011-005,2011,005,https://legislation.nsw.gov.au/view/html/inforce/current/act-2011-005
act-2011-010,2011,010,https://legislation.nsw.gov.au/view/html/inforce/current/act-2011-010
act-2011-021,2011,021,https://legislation.nsw.gov.au/view/html/inforce/current/act-2011-021
act-2011-023,2011,023,https://legislation.nsw.gov.au/view/html/inforce/current/act-2011-023
act-2011-032,2011,032,https://legislation.nsw.gov.au/view/html/inforce/current/act-2011-032
act-2011-035,2011,035,https://legislation.nsw.gov.au/view/html/inforce/current/act-2011-035
act-2011-044,2011,044,https://legislation.nsw.gov.au/view/html/inforce/current/act-2011-044
act-2011-059,2011,059,https://legislation.nsw.gov.au/view/html/inforce/current/act-2011-059
act-2011-070,2011,070,https://legislation.nsw.gov.au/view/html/inforce/current/act-2011-070
act-2012-005,2012,005,https://legislation.nsw.gov.au/view/html/inforce/current/act-2012-005
act-2012-009,2012,009,https://legislation.nsw.gov.au/view/html/inforce/current/act-2012-009
act-2012-013,2012,013,https://legislation.nsw.gov.au/view/html/inforce/current/act-2012-013
act-2012-029,2012,029,https://legislation.nsw.gov.au/view/html/inforce/current/act-2012-029
act-2012-032,2012,032,https://legislation.nsw.gov.au/view/html/inforce/current/act-2012-032
act-2012-035,2012,035,https://legislation.nsw.gov.au/view/html/inforce/current/act-2012-035
act-2012-037,2012,037,https://legislation.nsw.gov.au/view/html/inforce/current/act-2012-037
act-2012-051,2012,051,https://legislation.nsw.gov.au/view/html/inforce/current/act-2012-051
act-2012-055,2012,055,https://legislation.nsw.gov.au/view/html/inforce/current/act-2012-055
act-2012-058,2012,058,https://legislation.nsw.gov.au/view/html/inforce/current/act-2012-058
act-2012-059,2012,059,https://legislation.nsw.gov.au/view/html/inforce/current/act-2012-059
act-2012-066,2012,066,https://legislation.nsw.gov.au/view/html/inforce/current/act-2012-066
act-2012-074,2012,074,https://legislation.nsw.gov.au/view/html/inforce/current/act-2012-074
act-2012-082,2012,082,https://legislation.nsw.gov.au/view/html/inforce/current/act-2012-082
act-2012-088,2012,088,https://legislation.nsw.gov.au/view/html/inforce/current/act-2012-088
act-2012-096,2012,096,https://legislation.nsw.gov.au/view/html/inforce/current/act-2012-096
act-2012-101,2012,101,https://legislation.nsw.gov.au/view/html/inforce/current/act-2012-101
act-2013-002,2013,002,https://legislation.nsw.gov.au/view/html/inforce/current/act-2013-002
act-2013-018,2013,018,https://legislation.nsw.gov.au/view/html/inforce/current/act-2013-018
act-2013-022,2013,022,https://legislation.nsw.gov.au/view/html/inforce/current/act-2013-022
act-2013-026,2013,026,https://legislation.nsw.gov.au/view/html/inforce/current/act-2013-026
act-2013-037,2013,037,https://legislation.nsw.gov.au/view/html/inforce/current/act-2013-037
act-2013-039,2013,039,https://legislation.nsw.gov.au/view/html/inforce/current/act-2013-039
act-2013-040,2013,040,https://legislation.nsw.gov.au/view/html/inforce/current/act-2013-040
act-2013-041,2013,041,https://legislation.nsw.gov.au/view/html/inforce/current/act-2013-041
act-2013-042,2013,042,https://legislation.nsw.gov.au/view/html/inforce/current/act-2013-042
act-2013-051,2013,051,https://legislation.nsw.gov.au/view/html/inforce/current/act-2013-051
act-2013-054,2013,054,https://legislation.nsw.gov.au/view/html/inforce/current/act-2013-054
act-2013-067,2013,067,https://legislation.nsw.gov.au/view/html/inforce/current/act-2013-067
act-2013-073,2013,073,https://legislation.nsw.gov.au/view/html/inforce/current/act-2013-073
act-2013-089,2013,089,https://legislation.nsw.gov.au/view/html/inforce/current/act-2013-089
act-2013-096,2013,096,https://legislation.nsw.gov.au/view/html/inforce/current/act-2013-096
act-2013-097,2013,097,https://legislation.nsw.gov.au/view/html/inforce/current/act-2013-097
act-2013-099,2013,099,https://legislation.nsw.gov.au/view/html/inforce/current/act-2013-099
act-2013-104,2013,104,https://legislation.nsw.gov.au/view/html/inforce/current/act-2013-104
act-2013-105,2013,105,https://legislation.nsw.gov.au/view/html/inforce/current/act-2013-105
act-2013-107,2013,107,https://legislation.nsw.gov.au/view/html/inforce/current/act-2013-107
act-2014-016,2014,016,https://legislation.nsw.gov.au/view/html/inforce/current/act-2014-016
act-2014-029,2014,029,https://legislation.nsw.gov.au/view/html/inforce/current/act-2014-029
act-2014-040,2014,040,https://legislation.nsw.gov.au/view/html/inforce/current/act-2014-040
act-2014-041,2014,041,https://legislation.nsw.gov.au/view/html/inforce/current/act-2014-041
act-2014-046,2014,046,https://legislation.nsw.gov.au/view/html/inforce/current/act-2014-046
act-2014-051,2014,051,https://legislation.nsw.gov.au/view/html/inforce/current/act-2014-051
act-2014-072,2014,072,https://legislation.nsw.gov.au/view/html/inforce/current/act-2014-072
act-2014-074,2014,074,https://legislation.nsw.gov.au/view/html/inforce/current/act-2014-074
act-2015-005,2015,005,https://legislation.nsw.gov.au/view/html/inforce/current/act-2015-005
act-2015-006,2015,006,https://legislation.nsw.gov.au/view/html/inforce/current/act-2015-006
act-2015-019,2015,019,https://legislation.nsw.gov.au/view/html/inforce/current/act-2015-019
act-2015-024,2015,024,https://legislation.nsw.gov.au/view/html/inforce/current/act-2015-024
act-2015-025,2015,025,https://legislation.nsw.gov.au/view/html/inforce/current/act-2015-025
act-2015-026,2015,026,https://legislation.nsw.gov.au/view/html/inforce/current/act-2015-026
act-2015-050,2015,050,https://legislation.nsw.gov.au/view/html/inforce/current/act-2015-050
act-2015-051,2015,051,https://legislation.nsw.gov.au/view/html/inforce/current/act-2015-051
act-2015-060,2015,060,https://legislation.nsw.gov.au/view/html/inforce/current/act-2015-060
act-2015-068,2015,068,https://legislation.nsw.gov.au/view/html/inforce/current/act-2015-068
act-2016-015,2016,015,https://legislation.nsw.gov.au/view/html/inforce/current/act-2016-015
act-2016-019,2016,019,https://legislation.nsw.gov.au/view/html/inforce/current/act-2016-019
act-2016-020,2016,020,https://legislation.nsw.gov.au/view/html/inforce/current/act-2016-020
act-2016-025,2016,025,https://legislation.nsw.gov.au/view/html/inforce/current/act-2016-025
act-2016-034,2016,034,https://legislation.nsw.gov.au/view/html/inforce/current/act-2016-034
act-2016-037,2016,037,https://legislation.nsw.gov.au/view/html/inforce/current/act-2016-037
act-2016-042,2016,042,https://legislation.nsw.gov.au/view/html/inforce/current/act-2016-042
act-2016-046,2016,046,https://legislation.nsw.gov.au/view/html/inforce/current/act-2016-046
act-2016-051,2016,051,https://legislation.nsw.gov.au/view/html/inforce/current/act-2016-051
act-2016-058,2016,058,https://legislation.nsw.gov.au/view/html/inforce/current/act-2016-058
act-2016-061,2016,061,https://legislation.nsw.gov.au/view/html/inforce/current/act-2016-061
act-2016-063,2016,063,https://legislation.nsw.gov.au/view/html/inforce/current/act-2016-063
act-2016-066,2016,066,https://legislation.nsw.gov.au/view/html/inforce/current/act-2016-066
act-2017-009,2017,009,https://legislation.nsw.gov.au/view/html/inforce/current/act-2017-009
act-2017-010,2017,010,https://legislation.nsw.gov.au/view/html/inforce/current/act-2017-010
act-2017-013,2017,013,https://legislation.nsw.gov.au/view/html/inforce/current/act-2017-013
act-2017-015,2017,015,https://legislation.nsw.gov.au/view/html/inforce/current/act-2017-015
act-2017-019,2017,019,https://legislation.nsw.gov.au/view/html/inforce/current/act-2017-019
act-2017-032,2017,032,https://legislation.nsw.gov.au/view/html/inforce/current/act-2017-032
act-2017-035,2017,035,https://legislation.nsw.gov.au/view/html/inforce/current/act-2017-035
act-2017-037,2017,037,https://legislation.nsw.gov.au/view/html/inforce/current/act-2017-037
act-2017-051,2017,051,https://legislation.nsw.gov.au/view/html/inforce/current/act-2017-051
act-2017-064,2017,064,https://legislation.nsw.gov.au/view/html/inforce/current/act-2017-064
act-2017-066,2017,066,https://legislation.nsw.gov.au/view/html/inforce/current/act-2017-066
act-2017-068,2017,068,https://legislation.nsw.gov.au/view/html/inforce/current/act-2017-068
act-2017-069,2017,069,https://legislation.nsw.gov.au/view/html/inforce/current/act-2017-069
act-2018-006,2018,006,https://legislation.nsw.gov.au/view/html/inforce/current/act-2018-006
act-2018-011,2018,011,https://legislation.nsw.gov.au/view/html/inforce/current/act-2018-011
act-2018-017,2018,017,https://legislation.nsw.gov.au/view/html/inforce/current/act-2018-017
act-2018-020,2018,020,https://legislation.nsw.gov.au/view/html/inforce/current/act-2018-020
act-2018-024,2018,024,https://legislation.nsw.gov.au/view/html/inforce/current/act-2018-024
act-2018-030,2018,030,https://legislation.nsw.gov.au/view/html/inforce/current/act-2018-030
act-2018-037,2018,037,https://legislation.nsw.gov.au/view/html/inforce/current/act-2018-037
act-2018-038,2018,038,https://legislation.nsw.gov.au/view/html/inforce/current/act-2018-038
act-2018-042,2018,042,https://legislation.nsw.gov.au/view/html/inforce/current/act-2018-042
act-2018-044,2018,044,https://legislation.nsw.gov.au/view/html/inforce/current/act-2018-044
act-2018-048,2018,048,https://legislation.nsw.gov.au/view/html/inforce/current/act-2018-048
act-2018-053,2018,053,https://legislation.nsw.gov.au/view/html/inforce/current/act-2018-053
act-2018-055,2018,055,https://legislation.nsw.gov.au/view/html/inforce/current/act-2018-055
act-2018-057,2018,057,https://legislation.nsw.gov.au/view/html/inforce/current/act-2018-057
act-2018-060,2018,060,https://legislation.nsw.gov.au/view/html/inforce/current/act-2018-060
act-2018-063,2018,063,https://legislation.nsw.gov.au/view/html/inforce/current/act-2018-063
act-2018-067,2018,067,https://legislation.nsw.gov.au/view/html/inforce/current/act-2018-067
act-2018-071,2018,071,https://legislation.nsw.gov.au/view/html/inforce/current/act-2018-071
act-2018-082,2018,082,https://legislation.nsw.gov.au/view/html/inforce/current/act-2018-082
act-2019-007,2019,007,https://legislation.nsw.gov.au/view/html/inforce/current/act-2019-007
act-2019-009,2019,009,https://legislation.nsw.gov.au/view/html/inforce/current/act-2019-009
act-2019-011,2019,011,https://legislation.nsw.gov.au/view/html/inforce/current/act-2019-011
act-2019-015,2019,015,https://legislation.nsw.gov.au/view/html/inforce/current/act-2019-015
act-2019-016,2019,016,https://legislation.nsw.gov.au/view/html/inforce/current/act-2019-016
act-2019-017,2019,017,https://legislation.nsw.gov.au/view/html/inforce/current/act-2019-017
act-2019-025,2019,025,https://legislation.nsw.gov.au/view/html/inforce/current/act-2019-025
act-2020-007,2020,007,https://legislation.nsw.gov.au/view/html/inforce/current/act-2020-007
act-2020-009,2020,009,https://legislation.nsw.gov.au/view/html/inforce/current/act-2020-009
act-2020-012,2020,012,https://legislation.nsw.gov.au/view/html/inforce/current/act-2020-012
act-2020-015,2020,015,https://legislation.nsw.gov.au/view/html/inforce/current/act-2020-015
act-2020-018,2020,018,https://legislation.nsw.gov.au/view/html/inforce/current/act-2020-018
act-2020-039,2020,039,https://legislation.nsw.gov.au/view/html/inforce/current/act-2020-039
act-2020-044,2020,044,https://legislation.nsw.gov.au/view/html/inforce/current/act-2020-044
act-2021-006,2021,006,https://legislation.nsw.gov.au/view/html/inforce/current/act-2021-006
act-2021-007,2021,007,https://legislation.nsw.gov.au/view/html/inforce/current/act-2021-007
act-2021-013,2021,013,https://legislation.nsw.gov.au/view/html/inforce/current/act-2021-013
act-2021-025,2021,025,https://legislation.nsw.gov.au/view/html/inforce/current/act-2021-025
act-2021-031,2021,031,https://legislation.nsw.gov.au/view/html/inforce/current/act-2021-031
act-2021-038,2021,038,https://legislation.nsw.gov.au/view/html/inforce/current/act-2021-038
act-2022-009,2022,009,https://legislation.nsw.gov.au/view/html/inforce/current/act-2022-009
act-2022-011,2022,011,https://legislation.nsw.gov.au/view/html/inforce/current/act-2022-011
act-2022-014,2022,014,https://legislation.nsw.gov.au/view/html/inforce/current/act-2022-014
act-2022-017,2022,017,https://legislation.nsw.gov.au/view/html/inforce/current/act-2022-017
act-2022-042,2022,042,https://legislation.nsw.gov.au/view/html/inforce/current/act-2022-042
act-2022-046,2022,046,https://legislation.nsw.gov.au/view/html/inforce/current/act-2022-046
act-2022-054,2022,054,https://legislation.nsw.gov.au/view/html/inforce/current/act-2022-054
act-2022-060,2022,060,https://legislation.nsw.gov.au/view/html/inforce/current/act-2022-060
act-2022-062,2022,062,https://legislation.nsw.gov.au/view/html/inforce/current/act-2022-062
act-2022-071,2022,071,https://legislation.nsw.gov.au/view/html/inforce/current/act-2022-071
act-2022-073,2022,073,https://legislation.nsw.gov.au/view/html/inforce/current/act-2022-073
act-2022-080,2022,080,https://legislation.nsw.gov.au/view/html/inforce/current/act-2022-080
act-2023-024,2023,024,https://legislation.nsw.gov.au/view/html/inforce/current/act-2023-024
act-2023-025,2023,025,https://legislation.nsw.gov.au/view/html/inforce/current/act-2023-025
act-2023-048,2023,048,https://legislation.nsw.gov.au/view/html/inforce/current/act-2023-048
act-2023-054,2023,054,https://legislation.nsw.gov.au/view/html/inforce/current/act-2023-054
act-2024-019,2024,019,https://legislation.nsw.gov.au/view/html/inforce/current/act-2024-019
act-2024-033,2024,033,https://legislation.nsw.gov.au/view/html/inforce/current/act-2024-033
act-2024-036,2024,036,https://legislation.nsw.gov.au/view/html/inforce/current/act-2024-036
act-2024-037,2024,037,https://legislation.nsw.gov.au/view/html/inforce/current/act-2024-037
act-2024-039,2024,039,https://legislation.nsw.gov.au/view/html/inforce/current/act-2024-039
act-2024-044,2024,044,https://legislation.nsw.gov.au/view/html/inforce/current/act-2024-044
act-2024-045,2024,045,https://legislation.nsw.gov.au/view/html/inforce/current/act-2024-045
act-2024-070,2024,070,https://legislation.nsw.gov.au/view/html/inforce/current/act-2024-070
act-2024-077,2024,077,https://legislation.nsw.gov.au/view/html/inforce/current/act-2024-077
act-2025-003,2025,003,https://legislation.nsw.gov.au/view/html/inforce/current/act-2025-003
act-2025-004,2025,004,https://legislation.nsw.gov.au/view/html/inforce/current/act-2025-004
act-2025-019,2025,019,https://legislation.nsw.gov.au/view/html/inforce/current/act-2025-019
act-2025-022,2025,022,https://legislation.nsw.gov.au/view/html/inforce/current/act-2025-022
act-2025-023,2025,023,https://legislation.nsw.gov.au/view/html/inforce/current/act-2025-023
act-2025-025,2025,025,https://legislation.nsw.gov.au/view/html/inforce/current/act-2025-025
act-2025-031,2025,031,https://legislation.nsw.gov.au/view/html/inforce/current/act-2025-031
act-2025-035,2025,035,https://legislation.nsw.gov.au/view/html/inforce/current/act-2025-035
act-2025-036,2025,036,https://legislation.nsw.gov.au/view/html/inforce/current/act-2025-036
act-2025-045,2025,045,https://legislation.nsw.gov.au/view/html/inforce/current/act-2025-045
